train_batch,test_batch,mmd_score,mean_regret,median_regret,max_regret,num_queries,same_batch
0,0,0.0,1.505141948245501,1.193552435678163,4.939606741573034,100,True
0,1,0.02153615467250347,97.2902997059777,1.2928242739993334,6733.836842105264,100,False
0,2,0.048823971301317215,5.343842159265842,1.3624101950102832,143.0281690140845,100,False
0,3,0.04768525809049606,24.17350446404439,1.3968476131734522,1966.9772727272727,100,False
0,4,0.02820112183690071,5.517473757851092,1.2295733347529798,253.55555555555557,100,False
0,5,0.02998470701277256,16.80577313149124,1.2925955584188493,1187.0853658536585,100,False
0,6,0.01957380771636963,6.337106132800655,1.2876466632780565,211.4122028464185,100,False
0,7,0.0320294015109539,7.5523969501870765,1.4534632034632033,182.03377630121815,100,False
0,8,0.02746395207941532,7.256663637249197,1.287341797392147,280.7031358885018,100,False
0,9,0.021210456266999245,12.803502367246447,1.3115122356880022,884.575,100,False
0,10,0.03113313764333725,12.004758277086207,1.398019801980198,479.9245283018868,100,False
0,11,0.018612461164593697,7.300645189348875,1.5010749385749387,196.8892215568862,100,False
0,12,0.026240628212690353,15.13048007806832,1.2879551328426526,734.7164179104477,100,False
0,13,0.034738607704639435,35.31037050669763,1.377776877702895,2823.0750436300177,100,False
0,14,0.04579633101820946,16.47816110239295,1.4028495537621264,795.6101694915255,100,False
0,15,0.041423819959163666,5.395825944377077,1.4391547171132129,80.83870967741936,100,False
0,16,0.03780907392501831,20.918992507787525,1.4304981931051763,1394.4409448818897,100,False
0,17,0.030167654156684875,6.407625463723691,1.4505435788163927,149.22222222222223,100,False
0,18,0.024370834231376648,3.574852868659168,1.376335583311012,51.08806890476656,100,False
0,19,0.045450739562511444,21.215573555239658,1.3078280344139643,1900.372549019608,100,False
0,20,0.033271461725234985,18.31826737010774,1.3132535478296379,1528.6176470588234,100,False
0,21,0.03910410404205322,13.50232463152315,1.4637068640415811,348.3205127220503,100,False
0,22,0.04052994027733803,111.82623128213982,1.3286954297001898,6425.086956521739,100,False
0,23,0.052594467997550964,3.8141874310681882,1.1660812644687475,66.95691747572816,39,False
1,0,0.025489574298262596,21.965188326599186,1.4665463739150701,1123.214099799212,100,False
1,1,0.0,1.8519681679555327,1.1448500564662554,33.824999999999996,100,True
1,2,0.03022526577115059,14.239711212627505,1.4373224101971154,596.6626506024096,100,False
1,3,0.019419778138399124,11.483533673630054,1.4165576737685308,670.5909090909091,100,False
1,4,0.020371511578559875,124.93015478011637,1.4405390817302581,11578.430379746836,100,False
1,5,0.027193807065486908,6.491468489346517,1.2925955584188493,268.79545454545456,100,False
1,6,0.021900013089179993,816.0164595798137,1.5205062851155633,78412.94736842105,100,False
1,7,0.011243429966270924,6.899786403554791,1.4606511884890532,182.03377630121815,100,False
1,8,0.026919089257717133,4.973861536530865,1.2619873835372406,187.29526627218937,100,False
1,9,0.012118050828576088,23.054529238066067,1.3034004658918499,1030.1041666666667,100,False
1,10,0.01724359579384327,10.185338246456801,1.4273451501944794,479.9245283018868,100,False
1,11,0.02860051766037941,10.858850542069865,1.7110624633173899,314.784593530657,100,False
1,12,0.026263698935508728,45.73655614770548,1.3547154264261012,2227.994446158593,100,False
1,13,0.01978132128715515,5.151022158938962,1.4966666666666666,87.82547993019197,100,False
1,14,0.04330632835626602,9.468458801658553,1.3999287318611247,325.4096385542168,100,False
1,15,0.01776358298957348,8.971820333771914,1.5501189977823695,402.50321022883173,100,False
1,16,0.016870275139808655,2.4757377041636532,1.44903360584216,25.292500637910834,100,False
1,17,0.034410446882247925,66.46445023327527,1.4922148514188076,3387.476923076923,100,False
1,18,0.015023237094283104,22.909044157620446,1.391092412195689,1972.8172043010754,100,False
1,19,0.019630994647741318,34.71307498523926,1.3297034281849427,3201.7450980392155,100,False
1,20,0.016338542103767395,30.202731257796636,1.5555287326624088,2252.803468208093,100,False
1,21,0.040320686995983124,15.810060809985753,1.4687619740751252,517.0689655172414,100,False
1,22,0.03517155349254608,83.16460894227417,1.3772167978524736,6425.086956521739,100,False
1,23,0.024393020197749138,3.8973204122045635,1.3253550479544793,88.32532974269259,39,False
2,0,0.07954320311546326,5.369481513192601,1.2168002665779551,155.5,100,False
2,1,0.040976300835609436,69.83114470499106,1.347465971871242,2957.488406881077,100,False
2,2,0.0,1.5139240726138183,1.1318115759781597,9.10871335504886,100,True
2,3,0.02841819077730179,13.614461762327455,1.2864617347556861,670.5909090909091,100,False
2,4,0.03116055577993393,111.98482611391209,1.2646096606581565,10680.898734177215,100,False
2,5,0.03162536770105362,17.56793085719287,1.1833427452189187,1187.0853658536585,100,False
2,6,0.03398704156279564,11.6799521738,1.4258596963605783,350.5550458715597,100,False
2,7,0.03661315143108368,17.355226205065755,1.4206748479530398,1153.1842105263158,100,False
2,8,0.032554954290390015,4.6268938885324085,1.2774211624715124,187.29526627218937,100,False
2,9,0.03908487409353256,15.929724596289565,1.285562889844365,884.575,100,False
2,10,0.041778191924095154,23.51417103079085,1.3724821438458554,1960.0471698113206,100,False
2,11,0.047653939574956894,50.365152278856556,1.3878035491905356,2375.2258064516127,100,False
2,12,0.053416118025779724,43.01803544048805,1.3113936042357517,1240.9578313253012,100,False
2,13,0.017093747854232788,37.594512801900166,1.367163061185206,2803.9232111692845,100,False
2,14,0.024134237319231033,17.472000174395898,1.4072038641362572,851.539033457249,100,False
2,15,0.023485075682401657,4.746026717358813,1.405128205128205,72.69843221641561,100,False
2,16,0.048141881823539734,4.475938213819451,1.2808798346209593,156.93865030674846,100,False
2,17,0.03027656301856041,6.771916596235433,1.2901426484941814,199.25,100,False
2,18,0.040261171758174896,62.70373628799318,1.4147622751265305,5942.978494623656,100,False
2,19,0.02024681866168976,236.31112320556807,1.2423055554917115,22986.911764705885,100,False
2,20,0.04222656041383743,8.526548146255267,1.3098980046101727,532.678438119678,100,False
2,21,0.02704646810889244,11.572392589921012,1.279630673133486,365.945107398568,100,False
2,22,0.029844358563423157,103.86810066075864,1.2639011538946483,5013.536231884058,100,False
2,23,0.04277688264846802,88.04476214655698,1.270365144663924,2946.3432835820895,39,False
3,0,0.08443060517311096,8.74245025692856,1.5865647126739315,163.60693153000844,100,False
3,1,0.03519516438245773,17.273506772065115,1.3476760138059967,850.0896885069817,100,False
3,2,0.018023472279310226,14.196500069627321,1.3854848826609016,596.6626506024096,100,False
3,3,0.0,1.7476800525067298,1.2043448879319074,14.741379310344827,100,True
3,4,0.030674779787659645,129.35738784055425,1.24782787621466,12250.139240506329,100,False
3,5,0.036261942237615585,6.173642829319753,1.307890269159316,268.79545454545456,100,False
3,6,0.044820599257946014,13.06438189993481,1.5117090625664282,458.80225172736374,100,False
3,7,0.019798189401626587,11.613735834268493,1.4191764961400342,483.51447951995823,100,False
3,8,0.03751198202371597,2.4189201967931795,1.26875008569509,18.245796637309848,100,False
3,9,0.026545889675617218,14.02581250082024,1.3409589776301845,912.875,100,False
3,10,0.023018106818199158,11.903838495986598,1.3350204870529168,727.0943396226415,100,False
3,11,0.047701336443424225,10.076527608274393,1.407206188462481,359.6511627906977,100,False
3,12,0.060582756996154785,41.62511774416894,1.305467211873391,3025.686567164179,100,False
3,13,0.025328023359179497,8.018566116388918,1.2680093866985596,303.90977443609023,100,False
3,14,0.024190329015254974,17.145788262621192,1.5814469950126782,851.539033457249,100,False
3,15,0.01944155804812908,7.477704898005835,1.3627693689978795,402.50321022883173,100,False
3,16,0.031851425766944885,3.487292038922687,1.2478656563301793,140.2926045016077,100,False
3,17,0.026608780026435852,4.432496071570327,1.2583763684028764,102.9177355909013,100,False
3,18,0.029645264148712158,59.86153796848686,1.4215962333774017,5535.849462365591,100,False
3,19,0.013106259517371655,16.322099646499925,1.3111977588220638,1421.872549019608,100,False
3,20,0.01463623158633709,5.293460377071309,1.349850708127105,201.20933625091175,100,False
3,21,0.021966800093650818,3.78491068217782,1.3923504819695227,139.95704057279238,100,False
3,22,0.028977829962968826,136.0045876754482,1.3030388840909326,12324.666666666666,100,False
3,23,0.037369899451732635,10.201649422072313,1.2880485515472315,329.0121212121212,39,False
4,0,0.041763097047805786,4.007929626769197,1.2078972707778983,157.36672454959844,100,False
4,1,0.015333063900470734,25.14156682419822,1.2508744198853394,2028.2760472610096,100,False
4,2,0.03203776478767395,12.635899364420423,1.336770967185246,578.3855421686746,100,False
4,3,0.02329360693693161,14.827179112436813,1.326876106824765,670.5909090909091,100,False
4,4,0.0,3.96946671032741,1.1444244651482776,253.55555555555557,100,True
4,5,0.01526570599526167,4.6208828846077985,1.2058504500186356,268.79545454545456,100,False
4,6,0.016973093152046204,9.804100596946494,1.2966022551831786,542.3807692307693,100,False
4,7,0.021096818149089813,5.593296693945211,1.384447248139819,117.95747679045093,100,False
4,8,0.0159654151648283,5.027746878702602,1.150457623423577,187.29526627218937,100,False
4,9,0.02315215766429901,22.170870326838127,1.2787424715312086,947.2083333333334,100,False
4,10,0.0325007289648056,54.16261720756097,1.3220822385106072,5136.61320754717,100,False
4,11,0.023952607065439224,15.442879838111464,1.519955512643902,438.8892215568862,100,False
4,12,0.026022247970104218,25.802971755958083,1.3337426604746314,1147.7289156626505,100,False
4,13,0.023943867534399033,30.30645721585375,1.241164296494032,2803.9232111692845,100,False
4,14,0.022264055907726288,12.860722615099112,1.405644330410051,851.539033457249,100,False
4,15,0.022755125537514687,83.05688796992577,1.4174390496318958,7266.425287356322,100,False
4,16,0.026200413703918457,24.743797457259152,1.1998644354478176,1678.795275590551,100,False
4,17,0.014419537968933582,5.725445655490853,1.328001236385683,102.9177355909013,100,False
4,18,0.023751042783260345,5.638575285667032,1.3066874576150904,153.38317757009347,100,False
4,19,0.02694397047162056,10.80859223592403,1.244287891673482,688.4117647058824,100,False
4,20,0.017800306901335716,2.820978213268895,1.2644451060369226,37.00463877598977,100,False
4,21,0.022808479145169258,5.426548624186357,1.221092177167149,169.93162393162393,100,False
4,22,0.014376441016793251,33.3100400130282,1.2324676965980048,847.9055555555556,100,False
4,23,0.030527539551258087,3.921953282907741,1.2880485515472315,88.64260158199083,39,False
5,0,0.040071770548820496,20.987805493312802,1.3631924330720249,1123.214099799212,100,False
5,1,0.027906721457839012,52.0898231062987,1.3560628615877388,2918.9921465968587,100,False
5,2,0.02008264884352684,14.366815015934144,1.4494586998314614,596.6626506024096,100,False
5,3,0.02021435648202896,30.222799309519864,1.347887549927252,1966.9772727272727,100,False
5,4,0.021052801981568336,436.77873298662564,1.2820001116898598,43167.49367088608,100,False
5,5,0.0,2.722666491198528,1.1139710570296297,49.604166666666664,100,True
5,6,0.02607128955423832,14.725272400781957,1.3939220183486238,999.7582417582418,100,False
5,7,0.029326334595680237,6.157350523454693,1.4159265118402424,109.51328903654485,100,False
5,8,0.024207323789596558,7.647264651964454,1.3587761831212768,187.29526627218937,100,False
5,9,0.030758023262023926,40.28790009481362,1.4069408532643828,2397.826666666667,100,False
5,10,0.0443887785077095,107.52281763726586,1.3282843396521962,5881.173553719008,100,False
5,11,0.03256315737962723,47.19852891113291,1.471964349415047,2530.1021505376343,100,False
5,12,0.025580119341611862,21.278008298897113,1.3335954205628349,867.0662650602409,100,False
5,13,0.02308225817978382,37.51337805239224,1.3436216916065566,2823.0750436300177,100,False
5,14,0.025309927761554718,19.01788103006513,1.413362465994045,795.6101694915255,100,False
5,15,0.01923251897096634,11.590199553036365,1.4404265709719728,390.40425531914894,100,False
5,16,0.026132527738809586,5.445911681936037,1.2589294951145,129.5016077170418,100,False
5,17,0.020195405930280685,124.25977273016854,1.4822531582284117,11267.091269841269,100,False
5,18,0.04140358790755272,25.530547582729888,1.4270888413464877,1972.8172043010754,100,False
5,19,0.018398744985461235,17.448463292779294,1.2995368935570373,1421.872549019608,100,False
5,20,0.026819488033652306,3.481703647464052,1.3130161963286535,48.38895417156287,100,False
5,21,0.02614295482635498,57.40343063205797,1.3010616409478033,5348.622807017544,100,False
5,22,0.017087018117308617,85.86932618575662,1.2494536835061405,5013.536231884058,100,False
5,23,0.05130905285477638,3.62071453061616,1.2585778302938422,66.95691747572816,39,False
6,0,0.023444853723049164,3.8780400338347865,1.2048802128068612,174.57607987844585,100,False
6,1,0.022944137454032898,13.055751629580374,1.262136129900048,867.0236305048334,100,False
6,2,0.03871801123023033,15.418134185168922,1.4299615669987422,596.6626506024096,100,False
6,3,0.028424357995390892,15.659100968252973,1.391168331506084,595.8863636363637,100,False
6,4,0.01845388114452362,113.75789389170588,1.1461096767822752,10853.430379746836,100,False
6,5,0.022190116345882416,5.797241083282341,1.343495422049679,270.25,100,False
6,6,0.0,1.71481544324323,1.1157146720372768,36.96842105263158,100,True
6,7,0.026185616850852966,16.014318358995116,1.4502309072172819,1150.1842105263158,100,False
6,8,0.01065822783857584,4.0542161755462125,1.3189064616477817,187.29526627218937,100,False
6,9,0.016388528048992157,22.56784930995985,1.2528669433649453,947.2083333333334,100,False
6,10,0.02493671327829361,21.428561663569035,1.320745989725379,1173.116129032258,100,False
6,11,0.013161227107048035,6.880493666592227,1.3004271335780813,196.8892215568862,100,False
6,12,0.020787034183740616,43.7225281426411,1.284936153231739,3025.686567164179,100,False
6,13,0.02201918140053749,7.161341547429474,1.2383773264760816,250.7138308368464,100,False
6,14,0.031558264046907425,6.75133520320772,1.302965793744678,361.453531598513,100,False
6,15,0.031240830197930336,320.5333017755219,1.5654100529100528,31585.626436781615,100,False
6,16,0.04009681195020676,5.319892762272368,1.284416878773047,268.87116564417175,100,False
6,17,0.024175159633159637,4.287736737281868,1.32875080928619,102.9177355909013,100,False
6,18,0.01972498744726181,3.4340493668871774,1.3809198797701763,51.08806890476656,100,False
6,19,0.029869256541132927,34.27675026502224,1.259925788497217,3201.7450980392155,100,False
6,20,0.01945813186466694,3.8733301824003377,1.3226567493755874,116.46371699254183,100,False
6,21,0.021505625918507576,2.201815183398141,1.473516064903493,16.24793388429752,100,False
6,22,0.0305153951048851,28.921992357076025,1.190030801430711,2039.4705882352944,100,False
6,23,0.04494085535407066,4.835517057815899,1.4138972809667674,118.94894102545817,39,False
7,0,0.04074644297361374,3.793847434515038,1.2440787807561118,80.17142857142856,100,False
7,1,0.018080193549394608,31.94040794636653,1.33809005039695,1240.1263157894737,100,False
7,2,0.03249705210328102,235.55767719277014,1.4011305363474262,22800.328947368424,100,False
7,3,0.020361322909593582,36.86453107456417,1.2880226601812557,3142.0909090909095,100,False
7,4,0.023197706788778305,111.57734733895677,1.2148354960149357,10680.898734177215,100,False
7,5,0.033942412585020065,5.4540731892238306,1.2008995135530691,268.79545454545456,100,False
7,6,0.0255909226834774,15.650234332549633,1.3696262888996427,458.80225172736374,100,False
7,7,0.0,2.0538998698822537,1.1377843105657393,35.92316723193321,100,True
7,8,0.021207105368375778,4.781366682422609,1.2450002333948875,187.29526627218937,100,False
7,9,0.01733403466641903,20.792031611055986,1.2442727658947557,1628.375,100,False
7,10,0.025304734706878662,13.348964900468708,1.3694915924366695,727.0943396226415,100,False
7,11,0.025408966466784477,31.57017555147071,1.4121968005637522,2375.2258064516127,100,False
7,12,0.028573378920555115,6.645939394847415,1.2488884608202158,333.8736263736264,100,False
7,13,0.017342273145914078,4.152798844808361,1.3275847590188734,65.38818734226193,100,False
7,14,0.025037307292222977,14.24152821298188,1.4254254309817502,715.8327137546468,100,False
7,15,0.01830999180674553,76.5980212677964,1.5131223525445945,7266.425287356322,100,False
7,16,0.021972279995679855,21.362387882166466,1.1868907213654158,1526.716535433071,100,False
7,17,0.01868480071425438,6.05823153763427,1.2549795700766206,199.25,100,False
7,18,0.023647405207157135,3.875293372612053,1.4420194404217557,45.93670886075949,100,False
7,19,0.02118581533432007,17.8945730027346,1.2746921571103886,1421.872549019608,100,False
7,20,0.01585250347852707,19.161762861825135,1.2918180363544798,1528.6176470588234,100,False
7,21,0.01579316332936287,16.0183731269047,1.2724058918098895,1007.8993591944156,100,False
7,22,0.027220409363508224,119.71672345254356,1.2070775715938256,8186.681159420289,100,False
7,23,0.03449636697769165,8.57293965094231,1.2847613221606842,118.94894102545817,39,False
8,0,0.028086252510547638,55.23533658145323,1.444517725682864,2492.929906542056,100,False
8,1,0.01834377646446228,23.30929171680088,1.1912565548306642,1240.1263157894737,100,False
8,2,0.047435514628887177,14.506919152043213,1.4138188390274395,596.6626506024096,100,False
8,3,0.037579767405986786,40.83180886226539,1.2519633901303147,3142.0909090909095,100,False
8,4,0.01769569143652916,126.02041673742063,1.3208001563494918,12250.139240506329,100,False
8,5,0.021214477717876434,22.756020188675187,1.336259329361217,2016.9146341463413,100,False
8,6,0.012684455141425133,43.865985917716074,1.4653333805711046,2613.0149253731342,100,False
8,7,0.028287719935178757,21.703030123601188,1.3410630039642149,1150.1842105263158,100,False
8,8,0.0,1.3532117461526312,1.1643891903346788,3.8551724137931043,100,True
8,9,0.023768384009599686,22.60476923297515,1.2950662620086812,947.2083333333334,100,False
8,10,0.021102508530020714,38.76279136549149,1.387674974393991,1960.0471698113206,100,False
8,11,0.019748970866203308,20.55803158142804,1.5043165241090126,1076.0727272727272,100,False
8,12,0.018957585096359253,64.64600195099482,1.3382649639357298,2719.791044776119,100,False
8,13,0.0227066520601511,37.14772951954604,1.4045682510863648,2823.0750436300177,100,False
8,14,0.022119376808404922,10.4125933665177,1.4689551941006336,325.4096385542168,100,False
8,15,0.02594589628279209,322.91851879622766,1.39576058491786,31585.626436781615,100,False
8,16,0.03149467706680298,2.193157978566151,1.2260594590062017,30.024875621890548,100,False
8,17,0.012768646702170372,11.86011962806336,1.256554099084524,510.85555555555555,100,False
8,18,0.018034592270851135,5.198908379405904,1.3551390901507068,153.38317757009347,100,False
8,19,0.03233202174305916,235.25393818719195,1.2474923766635029,22986.911764705885,100,False
8,20,0.025889581069350243,3.4484859666170227,1.337445736765856,32.2768534133613,100,False
8,21,0.015498796477913857,11.775593188935261,1.2635506803201915,644.7012987012987,100,False
8,22,0.017864558845758438,154.04867208127686,1.217554368960831,12324.666666666666,100,False
8,23,0.03721257299184799,2.025117278825269,1.2976588628762542,9.06480245038677,39,False
9,0,0.033950384706258774,6.167883921626555,1.271514806965214,184.70245139475907,100,False
9,1,0.012784518301486969,44.62880425540684,1.3509570580313288,2957.488406881077,100,False
9,2,0.024803943932056427,20.040688257060623,1.3641057472224791,706.5,100,False
9,3,0.018309712409973145,15.412489392689142,1.2823901594762683,600.6931818181819,100,False
9,4,0.01613248698413372,127.31783952966714,1.3783779430260052,12250.139240506329,100,False
9,5,0.019793279469013214,35.563122558359844,1.1877339268960057,2991.2,100,False
9,6,0.017686238512396812,4.959118814424575,1.2827542695243173,248.92809899722639,100,False
9,7,0.016291543841362,3.656655445414005,1.3176302545138157,117.95747679045093,100,False
9,8,0.017709510400891304,2.7064822865305094,1.3367636045049247,39.72543554006968,100,False
9,9,0.0,1.4299305414520007,1.1871035771239398,3.7249030851235663,100,True
9,10,0.015484070405364037,218.26966194766072,1.3771400993064438,18985.87603305785,100,False
9,11,0.01589030958712101,26.053670204010015,1.484622813323178,1586.3636363636363,100,False
9,12,0.032299723476171494,31.439325395059996,1.2895027334035323,1240.9578313253012,100,False
9,13,0.01665002480149269,8.074108145712378,1.3496233890018356,421.76691729323306,100,False
9,14,0.024926407262682915,6.506894178741529,1.3896193629003566,409.9810126582278,100,False
9,15,0.015669383108615875,6.759634296893731,1.4333174936679156,390.40425531914894,100,False
9,16,0.02463582716882229,22.86556062477381,1.2522864266794171,1526.716535433071,100,False
9,17,0.028367970138788223,5.436958920316045,1.3691648965938579,125.24524604765087,100,False
9,18,0.010657008737325668,27.539127687289255,1.3373788327550362,1972.8172043010754,100,False
9,19,0.021648410707712173,20.167788902540753,1.2916254042721187,1421.872549019608,100,False
9,20,0.013653237372636795,2.9099149875944583,1.3454788006430354,37.00463877598977,100,False
9,21,0.021467842161655426,10.3809635335483,1.317154778118442,417.7552637601556,100,False
9,22,0.040694836527109146,127.86346367364116,1.2626146093819153,5714.618421052632,100,False
9,23,0.031302325427532196,3.149074691118684,1.2847613221606842,66.95691747572816,39,False
10,0,0.0407266691327095,17.507188606765876,1.4821796014015032,1123.214099799212,100,False
10,1,0.020595267415046692,16.927745141003825,1.3285650177935007,850.0896885069817,100,False
10,2,0.027794141322374344,19.5349625297141,1.3926058373431944,706.5,100,False
10,3,0.02412281185388565,23.434370662660754,1.3299453165087216,1966.9772727272727,100,False
10,4,0.02316785603761673,6.778651134160482,1.1837457389870343,253.55555555555557,100,False
10,5,0.041315946727991104,5.300947257253742,1.261207089093548,270.25,100,False
10,6,0.02236635610461235,23.954361704942603,1.4540441176470589,1680.6249999999998,100,False
10,7,0.018131837248802185,8.13480773108148,1.3659585646496977,117.95747679045093,100,False
10,8,0.02153042145073414,4.432003993600888,1.2358992496062207,187.29526627218937,100,False
10,9,0.013064419850707054,30.63960465550753,1.2349338979158921,1628.375,100,False
10,10,0.0,2.290246000877155,1.195413282083408,50.707317073170735,100,True
10,11,0.01912846975028515,43.358253512744504,1.3878592532903573,2117.7043010752686,100,False
10,12,0.04252175986766815,23.99440325108671,1.3986486946519439,919.9120879120879,100,False
10,13,0.023699358105659485,33.08380448191218,1.3799485581480206,2958.040404040404,100,False
10,14,0.02191665768623352,30.12065072127996,1.393146878534426,2008.0696202531644,100,False
10,15,0.026666803285479546,8.361783379999338,1.4263576672461655,402.50321022883173,100,False
10,16,0.04792853072285652,188.26474656446737,1.2896753638458458,18478.141732283464,100,False
10,17,0.025742579251527786,6.387141167224928,1.430884732225548,102.9177355909013,100,False
10,18,0.019557354971766472,3.3852810288433814,1.2867195578788848,45.93670886075949,100,False
10,19,0.02810361608862877,26.224964076226893,1.2752052796386297,1900.372549019608,100,False
10,20,0.018475119024515152,10.792600622605887,1.387154219342575,527.6708172946071,100,False
10,21,0.018284868448972702,17.024257855319277,1.294415021665864,869.4105011933175,100,False
10,22,0.04491898790001869,198.79492422295604,1.193655063126766,12324.666666666666,100,False
10,23,0.037405677139759064,7.268242949955729,1.2531419084567015,118.94894102545817,39,False
11,0,0.03546730428934097,7.373241791201423,1.3330014159885062,174.57607987844585,100,False
11,1,0.033796556293964386,15.254186454377955,1.3182692446161617,1102.3105263157895,100,False
11,2,0.04328189790248871,14.172420705917652,1.3538890443360294,706.5,100,False
11,3,0.03605247288942337,42.25175002705778,1.3734349446203615,3142.0909090909095,100,False
11,4,0.02220160886645317,4.230187346717395,1.183414027355013,253.55555555555557,100,False
11,5,0.02755451202392578,4.252951422585223,1.226942632987001,268.79545454545456,100,False
11,6,0.015114568173885345,8.197510381563223,1.46875,200.87692307692308,100,False
11,7,0.03847533464431763,14.175996973712179,1.31626066556062,1176.842105263158,100,False
11,8,0.01735740154981613,3.171566361913619,1.2276597980400132,80.39664326673056,100,False
11,9,0.027644772082567215,27.036095965392647,1.260561966267652,1340.983870967742,100,False
11,10,0.022897176444530487,7.10121329310797,1.3650526627683721,479.9245283018868,100,False
11,11,0.0,3.5758296518389354,1.178490509093842,196.8892215568862,100,True
11,12,0.04974876344203949,53.180634112281076,1.2542863109817108,3419.0298507462685,100,False
11,13,0.038233883678913116,3.4233134546179116,1.2633402175136335,36.60578453529376,100,False
11,14,0.018146580085158348,11.836523746599028,1.3304101838755304,851.539033457249,100,False
11,15,0.043402671813964844,2.695926020337846,1.4332457841969806,29.383720930232563,100,False
11,16,0.06803271919488907,20.24368202189298,1.224160351590974,1526.716535433071,100,False
11,17,0.023298071697354317,3.700577796070393,1.2500723805804856,199.25,100,False
11,18,0.027401253581047058,8.552823850966917,1.416072755032911,504.63291139240505,100,False
11,19,0.02906014397740364,19.69956494883866,1.2527310441847779,1421.872549019608,100,False
11,20,0.025195224210619926,3.186288835934556,1.24375,54.8616985565626,100,False
11,21,0.016582796350121498,9.700929812597133,1.2876629211906856,654.1196075065797,100,False
11,22,0.033324647694826126,88.42887424889297,1.2716602120140115,6425.086956521739,100,False
11,23,0.043698884546756744,4.380533441580023,1.1777827831231087,111.49253731343282,39,False
12,0,0.02025098353624344,5.061581993851651,1.19845120252614,157.36672454959844,100,False
12,1,0.0213216170668602,7.667789079247258,1.2629843530973535,221.43087681549218,100,False
12,2,0.02870391309261322,13.80762002795267,1.4357002675768769,706.5,100,False
12,3,0.03241164982318878,24.758830347908667,1.267325948441222,1966.9772727272727,100,False
12,4,0.02415352687239647,436.2707384913556,1.2798825882169442,43167.49367088608,100,False
12,5,0.022979922592639923,233.88369584554965,1.2042538629359574,22802.040268456378,100,False
12,6,0.01674332469701767,5.2149918819135666,1.4115101870288758,199.49418194350986,100,False
12,7,0.030533645302057266,7.593927607707563,1.4095217937320375,117.95747679045093,100,False
12,8,0.016712861135601997,6.815452520662957,1.176545145890732,187.29526627218937,100,False
12,9,0.026177607476711273,54.11852429222313,1.2349338979158921,2435.9602941176468,100,False
12,10,0.03567826747894287,20.410846784055394,1.2749805066372524,934.5,100,False
12,11,0.026795625686645508,35.74445463465461,1.5275072776036625,2117.7043010752686,100,False
12,12,0.0,1.722370243658249,1.1010570966498014,18.804054054054056,100,True
12,13,0.023179100826382637,10.243802161837642,1.3991355044844842,418.81954887218046,100,False
12,14,0.025209661573171616,9.226630443128085,1.4429598604728138,247.56877323420073,100,False
12,15,0.0398528091609478,5.564211330972516,1.3424966125305315,72.69843221641561,100,False
12,16,0.028373345732688904,19.941912927800676,1.2247389653011762,1526.716535433071,100,False
12,17,0.01514327060431242,8.188800750505658,1.2543520697631243,298.68565076107404,100,False
12,18,0.03511419892311096,4.94639059190872,1.3448411944317398,182.22935779816513,100,False
12,19,0.030086897313594818,5.548077699830812,1.2919331923479243,103.63932821797681,100,False
12,20,0.026596905663609505,3.3233688917092166,1.4343373158266504,40.576,100,False
12,21,0.02261098474264145,11.681319377391047,1.2138233944068468,348.3205127220503,100,False
12,22,0.022776875644922256,45.546136563839475,1.276988433559878,2535.2236842105262,100,False
12,23,0.06071575731039047,9.792824293504854,1.5210677818198302,118.94894102545817,39,False
13,0,0.04332453012466431,21.76392053330647,1.3431954016022156,1123.214099799212,100,False
13,1,0.017721451818943024,27.461598797977018,1.2776198649713877,869.5923076923076,100,False
13,2,0.020741373300552368,16.948241834410773,1.369511763961563,607.8554216867469,100,False
13,3,0.025408409535884857,40.31786729818472,1.293700372706831,3142.0909090909095,100,False
13,4,0.027056463062763214,122.69696319390789,1.246510280150836,11578.430379746836,100,False
13,5,0.02726311795413494,8.508249725786609,1.2175443133008272,365.5769230769231,100,False
13,6,0.026210185140371323,5.5932325909136225,1.2697368421052633,200.1396333557631,100,False
13,7,0.015213720500469208,33.716317234214074,1.3098511417023397,1627.6774193548388,100,False
13,8,0.025158610194921494,6.247449370569554,1.2914745600206148,187.29526627218937,100,False
13,9,0.019940074533224106,23.467669376462865,1.2741493656286043,947.2083333333334,100,False
13,10,0.03838830441236496,11.250969724828124,1.3787252450332006,727.0943396226415,100,False
13,11,0.03588125482201576,14.162939957294022,1.466161343625485,438.8892215568862,100,False
13,12,0.027675442397594452,43.48517993920823,1.2111552313199443,2719.791044776119,100,False
13,13,0.0,2.188987442667225,1.1694757508252587,45.91372164048866,100,True
13,14,0.036828115582466125,14.019468723237823,1.442248137202323,851.539033457249,100,False
13,15,0.01685553789138794,25.791280507842963,1.4248049367726003,1664.860465116279,100,False
13,16,0.022791748866438866,26.99409384590986,1.2160963580341242,1526.716535433071,100,False
13,17,0.020421143621206284,12.643265390815777,1.1990456205499147,913.5249999999999,100,False
13,18,0.021090548485517502,4.729493693366257,1.3845640920353754,153.38317757009347,100,False
13,19,0.018024373799562454,4.608183289148527,1.2763484374696448,109.2932586908863,100,False
13,20,0.0177756454795599,3.174656455834625,1.3150632292301625,26.03960295171374,100,False
13,21,0.030642885714769363,10.485897728824186,1.254866915439976,348.3205127220503,100,False
13,22,0.028602778911590576,88.01853168414786,1.2613223339918864,5013.536231884058,100,False
13,23,0.05199190601706505,9.167523471656207,1.3885132339555282,118.94894102545817,39,False
14,0,0.058685824275016785,8.15039699492401,1.3974890228178793,157.36672454959844,100,False
14,1,0.03302467614412308,18.48901893422974,1.3368847710928482,850.0896885069817,100,False
14,2,0.02886313945055008,14.882924235732249,1.6299042008800613,578.3855421686746,100,False
14,3,0.021117806434631348,5.805290066985447,1.4466362244029725,116.90322580645162,100,False
14,4,0.01596371829509735,113.91591673497165,1.2605291399262515,10680.898734177215,100,False
14,5,0.02368513122200966,5.566047408818341,1.2958622419162082,270.25,100,False
14,6,0.023586435243487358,9.683702923658746,1.5117090625664282,458.80225172736374,100,False
14,7,0.03672987222671509,7.081422781033723,1.3976129241694402,109.51328903654485,100,False
14,8,0.025024179369211197,9.54689500320465,1.3888520047704618,438.50344827586207,100,False
14,9,0.027245275676250458,15.16883398845306,1.3170246741374414,947.2083333333334,100,False
14,10,0.023450210690498352,11.967541108360383,1.4376278556851367,727.0943396226415,100,False
14,11,0.02283402346074581,38.70829770949364,1.3420297576618643,2117.7043010752686,100,False
14,12,0.04482737183570862,56.10805416840398,1.2908379780114467,2719.791044776119,100,False
14,13,0.031739674508571625,42.229763113140116,1.381975872024178,3543.8947368421054,100,False
14,14,0.0,2.8772341794960745,1.3717275216884919,35.39791787160208,100,True
14,15,0.027001632377505302,9.583185178662367,1.626574272166684,368.43318882730614,100,False
14,16,0.048199668526649475,19.56379645933288,1.2241618102995813,1678.795275590551,100,False
14,17,0.018665697425603867,5.960844107910868,1.5043118211957047,102.9177355909013,100,False
14,18,0.03406804800033569,24.233061465832094,1.43091589786948,1972.8172043010754,100,False
14,19,0.02647017315030098,228.7339274278113,1.3466923212950035,22352.519607843136,100,False
14,20,0.02095574140548706,25.689453523375484,1.4131487541688528,1528.6176470588234,100,False
14,21,0.013919461518526077,11.939244944306934,1.306732703837032,348.3205127220503,100,False
14,22,0.027248622849583626,103.63301432903322,1.2783952837257593,6425.086956521739,100,False
14,23,0.026419952511787415,7.159635888262822,1.2531419084567015,118.94894102545817,39,False
15,0,0.04790402203798294,4.20166104670883,1.226724642733261,80.17142857142856,100,False
15,1,0.024327151477336884,25.533406789229712,1.2792065276512226,1102.3105263157895,100,False
15,2,0.019034918397665024,17.99107136575982,1.2819185122817935,706.5,100,False
15,3,0.014959015883505344,14.06830034347443,1.3968476131734522,595.8863636363637,100,False
15,4,0.027379915118217468,111.49416325702745,1.2390115233140468,10680.898734177215,100,False
15,5,0.03310892730951309,4.775828184356951,1.2417881867325606,268.79545454545456,100,False
15,6,0.02832162007689476,26.66596108568907,1.262539533483627,1680.6249999999998,100,False
15,7,0.019613653421401978,4.96729114188226,1.4534632034632033,117.95747679045093,100,False
15,8,0.03249914199113846,4.263413268979002,1.2407220759684092,187.29526627218937,100,False
15,9,0.021832574158906937,14.892135231301642,1.2463745631230942,1030.1041666666667,100,False
15,10,0.03168370574712753,63.933768303538756,1.3788654262884017,5136.61320754717,100,False
15,11,0.027250777930021286,11.476984688016898,1.484622813323178,314.784593530657,100,False
15,12,0.045512400567531586,56.98021748136662,1.312930280688395,2719.791044776119,100,False
15,13,0.020163949579000473,5.585937865466098,1.2551348876342168,237.37756887712482,100,False
15,14,0.028748948127031326,15.104983023837875,1.2819546289415755,715.8327137546468,100,False
15,15,0.0,1.5690461852862612,1.2153367582522479,21.54285714285714,100,True
15,16,0.020706117153167725,22.005937667340913,1.269492980098133,1526.716535433071,100,False
15,17,0.025907156988978386,18.441554975960067,1.4152318311321235,1216.8461538461538,100,False
15,18,0.032442301511764526,59.02780815096031,1.331515052379293,5535.849462365591,100,False
15,19,0.02143866755068302,238.61965989521363,1.2360127848267681,22986.911764705885,100,False
15,20,0.020397000014781952,2.3126597247898117,1.2506075619049946,32.48396854204477,100,False
15,21,0.025430195033550262,3.961591077531996,1.2081337486778105,139.95704057279238,100,False
15,22,0.03663446754217148,108.66916283258003,1.2700541400865766,6425.086956521739,100,False
15,23,0.03243732079863548,1.639102917535457,1.208955223880597,5.197530864197531,39,False
16,0,0.06750133633613586,6.3827361914946845,1.211005932046987,157.36672454959844,100,False
16,1,0.029149603098630905,36.41220061097856,1.1831657941967424,2028.2760472610096,100,False
16,2,0.03943758085370064,13.115653336504119,1.376890756302521,596.6626506024096,100,False
16,3,0.034064315259456635,13.384719423870935,1.3373584612538632,670.5909090909091,100,False
16,4,0.04480306804180145,128.1359026670825,1.2136362128685896,12250.139240506329,100,False
16,5,0.03486940264701843,6.06846394172324,1.2136121988878683,270.25,100,False
16,6,0.05499081313610077,23.565414983888278,1.2603100355126808,1680.6249999999998,100,False
16,7,0.022641949355602264,18.373281275065768,1.3685975713848075,1164.421052631579,100,False
16,8,0.0555071122944355,3.732135243693384,1.1471898700608927,187.29526627218937,100,False
16,9,0.03480193018913269,22.215845538548393,1.3088836431344602,947.2083333333334,100,False
16,10,0.050747960805892944,18.541938180529495,1.390463348163478,746.8657491560633,100,False
16,11,0.0674237385392189,27.9019388903653,1.3157458929517751,2117.7043010752686,100,False
16,12,0.04401528462767601,16.058286825090107,1.272620820360092,919.9120879120879,100,False
16,13,0.03164491802453995,4.561252811915977,1.236661944729056,222.72841351776782,100,False
16,14,0.06938116252422333,13.444084012261605,1.3802148882045788,851.539033457249,100,False
16,15,0.02556566894054413,3.323372556471844,1.3518518518518516,53.870415156407056,100,False
16,16,0.0,1.3632878690488661,1.1339109661673934,6.171779141104294,100,True
16,17,0.052653249353170395,3.991878095683988,1.3490860158680227,102.9177355909013,100,False
16,18,0.0433199442923069,63.660401618223005,1.5389645875299476,5942.978494623656,100,False
16,19,0.03058195486664772,232.4921805713748,1.2635574890607377,22986.911764705885,100,False
16,20,0.03649187833070755,2.4423546149746405,1.3080670285832854,24.07201889020071,100,False
16,21,0.06286439299583435,3.0522420177444243,1.1753904040622953,139.95704057279238,100,False
16,22,0.04851951822638512,78.05074481182878,1.1215706222686266,5013.536231884058,100,False
16,23,0.05791620910167694,6.019815639337361,1.1818181818181819,85.320730268629,39,False
17,0,0.035641491413116455,4.574171117087732,1.2239650371001018,157.36672454959844,100,False
17,1,0.03597220778465271,12.340219358621457,1.2406033775325782,814.0947368421052,100,False
17,2,0.030508093535900116,18.124934844286628,1.371207316173759,706.5,100,False
17,3,0.026286479085683823,23.844557824709995,1.2599965131427258,1966.9772727272727,100,False
17,4,0.016441036015748978,150.96020450008723,1.1868143821746466,12250.139240506329,100,False
17,5,0.02227170765399933,5.859544975067637,1.242273490660486,270.25,100,False
17,6,0.020591333508491516,27.80665514740243,1.3587414053155136,1680.6249999999998,100,False
17,7,0.02682606130838394,16.549559181967947,1.380762703705677,1153.1842105263158,100,False
17,8,0.015726882964372635,3.799722843279866,1.2156932414515,89.57033857892228,100,False
17,9,0.02625216543674469,14.656927254726149,1.2943403990845086,947.2083333333334,100,False
17,10,0.02790082059800625,59.91935854339542,1.3827289131135165,5136.61320754717,100,False
17,11,0.026521794497966766,26.2007723080255,1.3679348131587024,1076.0727272727272,100,False
17,12,0.030838921666145325,25.028108373853364,1.2111552313199443,1147.7289156626505,100,False
17,13,0.01984257996082306,10.125010590279778,1.2266763123388893,418.81954887218046,100,False
17,14,0.01798991672694683,6.349586279963851,1.2753202273599398,234.61338289962822,100,False
17,15,0.02017546445131302,7.971366768989588,1.439465318127387,390.40425531914894,100,False
17,16,0.036807768046855927,32.04838862053864,1.184984116758435,1678.795275590551,100,False
17,17,0.0,3.680362932256743,1.1591486709503196,199.25,100,True
17,18,0.029453352093696594,63.416415569492116,1.3750058695508194,5942.978494623656,100,False
17,19,0.027266081422567368,21.03415303332866,1.2857556554740814,1421.872549019608,100,False
17,20,0.019132472574710846,4.7753311154322695,1.346795560415248,201.20933625091175,100,False
17,21,0.016411010175943375,5.327180391287255,1.289563011645336,169.93162393162393,100,False
17,22,0.020337015390396118,106.0532605938959,1.20309675864562,5221.420289855072,100,False
17,23,0.05772639065980911,8.759854182743904,1.3253550479544793,118.94894102545817,39,False
18,0,0.029717903584241867,5.5489356466282125,1.3281050848779308,155.5,100,False
18,1,0.014958098530769348,11.961425341945803,1.2565911687569824,867.0236305048334,100,False
18,2,0.025824211537837982,9.703949860251942,1.255920490598358,607.8554216867469,100,False
18,3,0.02308431640267372,17.931645127151352,1.4064874606083726,942.8894230769232,100,False
18,4,0.022193007171154022,127.10522248315812,1.1989778870391183,12250.139240506329,100,False
18,5,0.02877122163772583,5.02730347986998,1.242273490660486,270.25,100,False
18,6,0.02606263943016529,11.172832421483,1.345000980510379,458.80225172736374,100,False
18,7,0.01768045499920845,4.280817264474027,1.4368045112781953,117.95747679045093,100,False
18,8,0.020759878680109978,1.7052409778152378,1.2242335085551763,8.3995939324641,100,False
18,9,0.012521518394351006,23.51148174368835,1.297068938347593,947.2083333333334,100,False
18,10,0.014280140399932861,10.03335787222975,1.3932487150937143,727.0943396226415,100,False
18,11,0.020636392757296562,9.639627603170117,1.3062792991644332,359.6511627906977,100,False
18,12,0.03505362942814827,32.79166723529971,1.2561185343644343,2719.791044776119,100,False
18,13,0.01961076259613037,12.921234962522197,1.3756586898600167,418.81954887218046,100,False
18,14,0.024127833545207977,16.44923646280332,1.3769771082477926,715.8327137546468,100,False
18,15,0.023033583536744118,19.261287545459304,1.4123710108180907,1664.860465116279,100,False
18,16,0.03269354999065399,2.940134631323791,1.2592499273100208,71.38601598763653,100,False
18,17,0.020823825150728226,5.045643893233642,1.3535728705851484,199.25,100,False
18,18,0.0,1.642218563562978,1.2086106016432034,9.58139534883721,100,True
18,19,0.022485807538032532,23.417228938876406,1.3336284492631747,1900.372549019608,100,False
18,20,0.015846215188503265,5.564622912591712,1.3296828629953201,201.20933625091175,100,False
18,21,0.02446655184030533,7.876882630053384,1.427049982900213,410.1267593546172,100,False
18,22,0.0322062112390995,50.318110637396536,1.1909894198723925,2039.4705882352944,100,False
18,23,0.040838636457920074,5.15829719416621,1.1330419398480591,85.320730268629,39,False
19,0,0.055470652878284454,7.012341856721495,1.2539600305317582,269.1421052631579,100,False
19,1,0.03254619985818863,24.730949198352235,1.3149955957463804,1302.2846153846153,100,False
19,2,0.013488692231476307,29.213366645341406,1.212713425834664,1713.89156626506,100,False
19,3,0.011634506285190582,9.780470009785725,1.3753037691195855,595.8863636363637,100,False
19,4,0.021055301651358604,113.52716008523461,1.2136362128685896,10853.430379746836,100,False
19,5,0.021309278905391693,6.586975244594745,1.2613382021833595,384.3636363636363,100,False
19,6,0.026201462373137474,5.847649062556348,1.368906980982541,199.49418194350986,100,False
19,7,0.022251565009355545,22.33550731816254,1.47868463078645,1150.1842105263158,100,False
19,8,0.03281592205166817,4.736861501977151,1.2290292809704146,226.72240849792905,100,False
19,9,0.0273752398788929,26.67871397069762,1.2756199538638984,1340.983870967742,100,False
19,10,0.029639707878232002,203.57008851805585,1.391481920222283,18985.87603305785,100,False
19,11,0.037382371723651886,34.12550829474119,1.423981969304278,2129.811827956989,100,False
19,12,0.03678392618894577,53.92135495982965,1.2826420890937018,3025.686567164179,100,False
19,13,0.01833724044263363,12.071496290600788,1.2580002156932046,421.76691729323306,100,False
19,14,0.03410213068127632,15.22293553610581,1.3850659614106293,851.539033457249,100,False
19,15,0.018647877499461174,82.08904438309584,1.384890519718856,7266.425287356322,100,False
19,16,0.035629138350486755,24.998996023540588,1.2093047139695101,1526.716535433071,100,False
19,17,0.022398240864276886,7.583354369876872,1.3638620881588768,298.59603215324097,100,False
19,18,0.04310574382543564,63.069596890546926,1.355857832382624,5942.978494623656,100,False
19,19,0.0,1.527678793447347,1.0991639146509709,21.142857142857142,100,True
19,20,0.025314686819911003,4.25501040356506,1.2453113795966666,211.20069051236018,100,False
19,21,0.018460892140865326,6.2319247866161085,1.1479863033573081,417.7552637601556,100,False
19,22,0.024037450551986694,117.81123805498099,1.2540914280578017,5221.420289855072,100,False
19,23,0.0392158180475235,3.2868891632360815,1.3257887207688286,66.95691747572816,39,False
20,0,0.046235449612140656,17.44820588837654,1.2975407306637354,1099.355469621477,100,False
20,1,0.025198280811309814,54.97828799365495,1.199322235881645,2957.488406881077,100,False
20,2,0.03216538205742836,29.386088402361366,1.25699941383297,1713.89156626506,100,False
20,3,0.017200995236635208,14.32256564254548,1.4221698764975077,600.6931818181819,100,False
20,4,0.02586708962917328,123.04041051353371,1.2631628514447932,11578.430379746836,100,False
20,5,0.026070930063724518,17.282551195794476,1.1960096195950274,1358.3257575757575,100,False
20,6,0.028326326981186867,53.10466594167861,1.2874969998968526,2613.0149253731342,100,False
20,7,0.01978890597820282,290.0058091548287,1.3118411652912778,28319.944444444445,100,False
20,8,0.02489466220140457,6.304099186625841,1.2011131736427447,187.29526627218937,100,False
20,9,0.01956780254840851,14.087160280511455,1.2785302661837767,884.75,100,False
20,10,0.01883785054087639,34.0595708966984,1.2430718441804025,1750.9439106725526,100,False
20,11,0.022958245128393173,38.601875452453626,1.4103077595241977,2129.811827956989,100,False
20,12,0.0422029085457325,20.170868851761828,1.3511345514294617,734.7164179104477,100,False
20,13,0.01899675279855728,10.263357138046013,1.380589257313485,421.76691729323306,100,False
20,14,0.020413555204868317,10.434341612384676,1.433948486873227,409.9810126582278,100,False
20,15,0.023959368467330933,4.443279723467645,1.344642199851998,72.69843221641561,100,False
20,16,0.0341830775141716,19.465175205808233,1.1922892199959412,1526.716535433071,100,False
20,17,0.020085513591766357,6.336175706860935,1.3630461897304704,102.9177355909013,100,False
20,18,0.022332213819026947,62.099334061012506,1.417510150369079,5942.978494623656,100,False
20,19,0.021353475749492645,17.868102058210685,1.2488544121497775,1421.872549019608,100,False
20,20,0.0,1.5983482971231324,1.1133020287535418,12.60685630926331,100,True
20,21,0.016027599573135376,12.527762434443627,1.2793163344784584,417.7552637601556,100,False
20,22,0.02749805897474289,104.62621859788298,1.1989299096936774,5355.405797101449,100,False
20,23,0.0394667312502861,3.3785700160920222,1.2508361204013378,66.95691747572816,39,False
21,0,0.058170489966869354,13.302068812938762,1.2554845949184774,711.2142857142856,100,False
21,1,0.04369032382965088,21.115100899163835,1.2503860634559976,814.0947368421052,100,False
21,2,0.03154614940285683,14.289613009682071,1.4630695056020515,596.6626506024096,100,False
21,3,0.032419610768556595,38.196910242949656,1.3046093913739338,1966.9772727272727,100,False
21,4,0.022982005029916763,108.73354427054737,1.3208001563494918,10680.898734177215,100,False
21,5,0.027119256556034088,17.70873630576018,1.2785534430484415,844.9230769230769,100,False
21,6,0.025321155786514282,14.006719908445902,1.29997035197575,350.6238532110092,100,False
21,7,0.032177090644836426,28.67830318039638,1.3804969697900895,1153.1842105263158,100,False
21,8,0.021750792860984802,2.1511718842210876,1.2239550678087552,19.21847584934912,100,False
21,9,0.03300444781780243,5.3348015044505,1.3184033880426285,77.53088235294116,100,False
21,10,0.0405740886926651,36.93161981774994,1.4385544525404663,1960.0471698113206,100,False
21,11,0.026950344443321228,25.075951652698915,1.3850359718039784,1586.3636363636363,100,False
21,12,0.037027083337306976,126.01733839402584,1.3411708781409697,8302.833471416736,100,False
21,13,0.01962709054350853,10.589177587612083,1.2916401873168273,418.81954887218046,100,False
21,14,0.019158892333507538,11.07167085483714,1.576087516087516,330.433734939759,100,False
21,15,0.0316421240568161,320.9735437645618,1.4333174936679156,31585.626436781615,100,False
21,16,0.052578434348106384,19.304178381770843,1.20741328631857,1526.716535433071,100,False
21,17,0.0166024062782526,9.103813074424323,1.3862116707063041,199.25,100,False
21,18,0.03772707283496857,62.173936735184526,1.312214952058727,5942.978494623656,100,False
21,19,0.028121352195739746,230.67712772954067,1.2522727272727274,22352.519607843136,100,False
21,20,0.02419207990169525,4.728684112298426,1.3178189088990404,201.20933625091175,100,False
21,21,0.0,2.1406100861991324,1.1654070519835056,65.403007518797,100,True
21,22,0.02029474638402462,63.13894504865566,1.2719643715217215,2490.434210526316,100,False
21,23,0.0517364963889122,4.122166762014327,1.2585778302938422,66.95691747572816,39,False
22,0,0.05408864468336105,3.994254499208674,1.264299139405983,174.57607987844585,100,False
22,1,0.044989995658397675,12.882076077629154,1.2539966486263152,814.0947368421052,100,False
22,2,0.04343695566058159,10.051516720153005,1.2731545588399402,625.012048192771,100,False
22,3,0.04123982787132263,34.88313343766337,1.364719400820133,3142.0909090909095,100,False
22,4,0.022371996194124222,110.8812916521742,1.258485952690037,10524.734177215189,100,False
22,5,0.02056092768907547,4.764079187227898,1.22286252814044,268.79545454545456,100,False
22,6,0.025026507675647736,7.494633745411105,1.292625237449736,306.71949365689176,100,False
22,7,0.044161658734083176,8.219871340789766,1.3840002890392058,483.51447951995823,100,False
22,8,0.022042812779545784,3.883072344699497,1.209375,89.57033857892228,100,False
22,9,0.05288286134600639,16.061928658202795,1.2686046318351294,947.2083333333334,100,False
22,10,0.05490507557988167,791.9641326341507,1.2229859027388013,77052.11570247935,100,False
22,11,0.03910709172487259,58.074704425298044,1.3878035491905356,2252.7903225806454,100,False
22,12,0.02506159245967865,51.365380976157404,1.281192905093631,2719.791044776119,100,False
22,13,0.027761362493038177,45.17874294775532,1.2502664299451263,4110.413533834586,100,False
22,14,0.03151750937104225,8.49317799238509,1.270187402890563,330.433734939759,100,False
22,15,0.04547959566116333,7.151527233260238,1.3820625657958168,390.40425531914894,100,False
22,16,0.048942387104034424,2.870981757115501,1.2174240817871176,83.21078059318076,100,False
22,17,0.019602637737989426,4.658255940354077,1.33211126671215,249.7695836116678,100,False
22,18,0.051307279616594315,5.028864299350885,1.3568838197600739,153.38317757009347,100,False
22,19,0.029739832505583763,4.025913985014398,1.2550037714575053,89.23033707865169,100,False
22,20,0.03987880051136017,3.0870941570347186,1.291570832479234,40.576,100,False
22,21,0.022144952788949013,10.031474047195797,1.1940723121557646,348.3205127220503,100,False
22,22,0.0,1.5716901098757656,1.117867541229116,27.79069767441861,100,True
22,23,0.07088658958673477,8.767678381127194,1.317842838229626,118.94894102545817,39,False
23,0,0.05149203538894653,11.837593372877969,1.3047874412712046,354.0263157894737,100,False
23,1,0.030208848416805267,61.53548974659152,1.3481807642824428,2957.488406881077,100,False
23,2,0.042410943657159805,20.754063836456805,1.2436272781510165,706.5,100,False
23,3,0.027704905718564987,65.56898882222455,1.305334728245553,6032.977272727274,100,False
23,4,0.02243870124220848,121.51816023210073,1.2890130737049184,11578.430379746836,100,False
23,5,0.03922329097986221,13.251490736095455,1.1550921997410901,736.5243902439024,100,False
23,6,0.030943013727664948,7.514209385283196,1.2584827750256524,350.6238532110092,100,False
23,7,0.027616221457719803,14.320494403786519,1.3804969697900895,1153.1842105263158,100,False
23,8,0.0359751433134079,2.277872985793841,1.235453025363802,44.58262074874545,100,False
23,9,0.032033342868089676,16.208598100544158,1.287414170313356,884.575,100,False
23,10,0.03368227556347847,9.211130811641867,1.3434864445337826,479.9245283018868,100,False
23,11,0.03138594701886177,42.084891469083,1.3921011586452763,2129.811827956989,100,False
23,12,0.05389592796564102,39.657049671512155,1.2977867203219315,2719.791044776119,100,False
23,13,0.03575531020760536,11.817033348926365,1.3432164525227586,418.81954887218046,100,False
23,14,0.03475266695022583,30.36157925556743,1.4204557857377136,2008.0696202531644,100,False
23,15,0.024125104770064354,2.2044619827155274,1.316590392427711,43.94163018553263,100,False
23,16,0.0357079952955246,22.87334915192093,1.234826199979901,1678.795275590551,100,False
23,17,0.03387150913476944,6.843439622624862,1.218613249495847,298.59603215324097,100,False
23,18,0.03457409143447876,62.105223457123586,1.2397831096516922,5942.978494623656,100,False
23,19,0.03926362097263336,231.62063912226552,1.2527310441847779,22986.911764705885,100,False
23,20,0.03380078449845314,6.221251745023099,1.4448368045870088,201.20933625091175,100,False
23,21,0.03041539527475834,3.8962013716660238,1.2876629211906856,139.95704057279238,100,False
23,22,0.04322008416056633,138.09528398900454,1.2471181062209533,5714.618421052632,100,False
23,23,0.0,1.2639413652775289,1.0891510073038253,4.064014543485408,39,True
